Y,X1,X2,X3,X4,X5
0,0.547709833,-0.184757033,0.9236691,-0.368443433,0.345864433
1,-0.206313167,0.927131967,0.1640531,-0.656650433,-0.178994567
1,-0.317746167,1.079859967,0.2734281,0.272539567,0.335700433
0,0.497464833,-0.240523033,-0.9119679,-0.280059433,-0.891353567
1,0.187761833,0.183700967,0.4164761,0.122319567,0.886905433
1,0.402921833,0.920641967,-0.6698179,0.656363567,-0.305713567
1,-0.254642167,-0.469985033,0.1739351,-0.638031433,-0.108647567
0,-0.765431167,-0.820626033,0.5358671,-0.471431433,0.259807433
0,-0.236585167,0.545866967,-0.8041179,0.525124567,-0.101843567
0,-0.550444167,-0.050908033,-0.4653099,-0.781088433,0.862844433
0,0.215732833,-0.532044033,0.0200141,0.223875567,-0.410220567
1,-0.067001167,-0.620135033,0.2344881,0.691948567,0.451524433
1,0.464661833,-0.003297033,0.5655571,0.732921567,0.703327433
1,-0.630995167,0.215181967,0.2967481,-0.713496433,-0.880229567
0,-0.288336167,0.090383967,-0.2249959,-0.598832433,0.406907433
1,-0.033917167,-0.716508033,0.2536651,-0.446989433,0.903931433
1,0.574594833,0.243972967,0.0329171,-0.455304433,-0.462721567
1,-0.332859167,-0.049582033,0.3704171,0.553048567,0.220456433
1,0.184696833,-0.354265033,-0.7243379,-0.382130433,0.726867433
1,-0.762107167,-0.158614033,0.2556611,-0.066320433,0.801768433
0,0.934445833,-0.077804033,0.1204761,-0.742110433,0.000397433
0,0.768462833,-0.687678033,0.6502751,-0.308127433,-0.689741567
1,-0.148338167,0.353044967,0.2971651,1.134166567,-0.414876567
0,0.241443833,0.126892967,-1.0217959,0.227315567,-0.043613567
1,0.637647833,-0.553710033,0.1870231,0.615358567,-0.173416567
0,0.052802833,-0.850476033,-0.5605769,0.470823567,0.039247433
1,-0.791180167,-0.434017033,-0.0521919,0.235858567,-0.521464567
1,0.106784833,0.808559967,0.5684341,-0.378283433,-0.997479567
0,-0.594999167,0.598264967,-0.1787799,0.442076567,-0.182455567
0,0.163762833,0.711425967,-0.7263779,0.383558567,-0.582777567
